{
  "empresas": [
    "Empresa_1",
    "Empresa_2",
    "Empresa_3",
    "Empresa_4",
    "Empresa_5",
    "Empresa_6",
    "Empresa_7",
    "Empresa_8",
    "Empresa_9",
    "Empresa_10"
  ],
  "vendas": [
    469.2680899768591,
    3010.121430917521,
    1316.7456935454493,
    912.9425537759532,
    169.62487046234628,
    169.5962919146052,
    59.838768608680674,
    2011.2308644799396,
    919.0821536272646,
    1231.2500617045903
  ],
  "margem_lucro": [
    12.652628070325239,
    17.712800217929825,
    12.682911535937688,
    12.671351232148716,
    16.20981135783017,
    5.43359877671101,
    6.375410837434837,
    12.188562353795136,
    9.93584439832788,
    16.571236662976368
  ],
  "satisfacao_cliente": [
    7.091975924478789,
    6.587696298664708,
    9.465648768921554,
    7.774223699513464,
    8.067528204687925,
    6.575251813786544,
    7.455617275474817,
    8.110922589709865,
    6.849006422577697,
    8.375698018345672
  ],
  "vendas_mensais": [
    53.81114470344339,
    2378.950234805545,
    2696.504273968938,
    1321.8652582503014,
    290.63028797500664,
    82.221852002005
  ],
  "meses": [
    "Jan",
    "Fev",
    "Mar",
    "Abr",
    "Mai",
    "Jun"
  ],
  "_metadata": {
    "timestamp": "20250530_193300",
    "total_variaveis": 6,
    "variaveis": [
      "empresas",
      "vendas",
      "margem_lucro",
      "satisfacao_cliente",
      "vendas_mensais",
      "meses"
    ],
    "data_criacao": "2025-05-30T19:33:00.715900"
  }
}