{
  "empresas": [
    "Empresa_1",
    "Empresa_2",
    "Empresa_3",
    "Empresa_4",
    "Empresa_5",
    "Empresa_6",
    "Empresa_7",
    "Empresa_8",
    "Empresa_9",
    "Empresa_10",
    "Empresa_11",
    "Empresa_12",
    "Empresa_13",
    "Empresa_14",
    "Empresa_15"
  ],
  "vendas_totais": [
    84661.50487165613,
    75038.16953841857,
    87986.70179686073,
    80352.85013379215,
    88964.053235017,
    83977.28346624959,
    86269.58951484965,
    81965.61653591527,
    77335.16016586816,
    86433.53299519821,
    76057.75531322004,
    88385.56460132232,
    81506.5544590021,
    82232.00283685896,
    82689.18751096594
  ],
  "margem_lucro": [
    42.27738891564262,
    23.282301066785177,
    13.001624274037937,
    32.62258736398768,
    42.732049212718955,
    44.11319881224474,
    42.81382124886858,
    34.276607386607346,
    11.301010261524404,
    19.584077964369595,
    9.497039561946158,
    47.66231910937391,
    27.085742421345447,
    39.80175275960929,
    21.216221782360947
  ],
  "satisfacao_cliente": [
    11.17896054910179,
    8.143207030389236,
    7.487132597760735,
    8.954741820654448,
    7.682338839037059,
    9.462769662158875,
    8.898684929296385,
    8.996209364311289,
    8.093148381244118,
    5.142866920597898,
    6.605931744783333,
    9.063379988074146,
    8.315066942838179,
    9.194772503115956,
    8.512817396814441
  ],
  "eficiencia": [
    68.30625084873665,
    31.34316850116913,
    15.969881652470745,
    35.68017719782395,
    16.550982687618692,
    116.66624215180477,
    18.879367203163902,
    88.67610859518483,
    62.62116921193666,
    23.82359693583981,
    8.428006181314242,
    24.891208597241462,
    68.97595197869225,
    44.86318830340779,
    74.27246320156588
  ],
  "_metadata": {
    "timestamp": "20250530_193255",
    "total_variaveis": 5,
    "variaveis": [
      "empresas",
      "vendas_totais",
      "margem_lucro",
      "satisfacao_cliente",
      "eficiencia"
    ],
    "data_criacao": "2025-05-30T19:32:55.959951"
  }
}